Kp_alpha,Kd_alpha
0.2055506692803958,2.950404940762847
