Kp_alpha,Kd_alpha
0.7855514638439914,10.633597712159403
