Kp_alpha,Kd_alpha
0.32900820221040716,2.9954533489266066
