Parameter,Value
Burn_Time,145.88127436495986
Throttle_Profile,0.23264854053567402,0.0014656477563419479,0.19918295764988478,0.574747227250486,0.15059113709875888,0.026867137163397836,0.42501357452009914,0.06632687295936904,0.21961264897840627,0.2182918449263013,0.29282914572463925,0.5953182044994869,0.13774035388718964,0.1593355532338392,0.9632922419509174,0.677432246767676,0.5881849712678612,0.3103512250122837,0.5358251422549309,0.21847844901587704
N,20
