Parameter,Value
Burn_Time,0.32940387870088006
Outer_Engine_Cutoff_Time,0.6442496756331654
Throttle_Profile,1.0522203552820861,1.0467746511737508,1.0494849729056273,1.0446954736363785,0.8258709225441556,0.14143361086824413,-0.0037568706326622714,-0.01952172829259935,-0.04143837741029036,-0.04672258144250531,-0.017688569205837768,-0.0017671744033009897,-0.004022872742175169,-0.050979077985296,-0.051276927136224136,-0.04845181510436876,-0.00952065668858035,-0.018326469607024626,-0.01907057809781716,-0.04805962479521764,-0.09805635925451966,-0.14951606569302567,-0.174320062356875,-0.17407216271067522,-0.1723765062274182,-0.1734518237104472,-0.17389555405980497,-0.17985078218325637,-0.18093959996731124,-0.18325625370525134,-0.13692180480942356,-0.11349319580264923,-0.06130746857864908,-0.05722798978700671,-0.02756722182881187,-0.002554190431046582,0.0006476884343951954,-0.005384349012810912,-0.005829202933629896,-0.02023426833015133,-0.010865501676174208,-0.008196167993032997,-0.005916860163567383,-0.029796926295583923,-0.04295321522648673,-0.09635190054808425,-0.11505971915607603,-0.1193845622234585,-0.13073661064774303,-0.1181685766938049,-0.11743721226552607,-0.11822402206271665,-0.11742637228226699,-0.12086316700292561,-0.1255746769621716,-0.11663510585113598,-0.11681582967554409,-0.11677735471156553,-0.12397179762210046,-0.10691657138962142,-0.1135762459430317,-0.10392606380508732,-0.12976093651253592,-0.11353249020098284,-0.10601843649434334,-0.07857593751074433,-0.11444983591364928,-0.13474675432701277,-0.13766053835286432,-0.15472767525815287,-0.1346510549401891,-0.10820230594872919,-0.055315988066040815,-0.05310372303620334,-0.17717242072279066,0.05095772236720453,0.03358175241350937,0.04029035687819177,0.04342916849066633,0.047070314715370994,0.050657188867085264,0.05422081270036639,1.2076200298216795,1.1947478016321682,1.0675448982725917,1.0560498813124468,1.079442182101106,1.0904386463769875,1.0038049465013277,0.22857808370826116
