time[s],x[m],y[m],vx[m/s],vy[m/s],theta[rad],theta_dot[rad/s],gamma[rad],alpha[rad],mass[kg],mass_propellant[kg]
334.00000000000745,2819.2960093795914,45559.96027279576,-149.97095733196193,-1079.6811182954514,1.4000204932615186,-0.00013065325383733591,4.574369102739652,-3.174348609478134,1153623.6306932224,785610.7241713344
