Generation,Global_Best_Fitness,Average_Fitness,Subswarm_1_Best,Subswarm_1_Average,Subswarm_2_Best,Subswarm_2_Average
0,6431.83342786747,15497.064905470246,6431.83342786747,15073.920964183015,6454.952749911507,15920.20884675748
1,3871.10572880238,10146.624536265599,5711.042354346965,12569.83365593506,3871.10572880238,7723.41541659614
2,3871.10572880238,6338.727690885237,5711.042354346965,6442.673857649419,3871.10572880238,6234.781524121054
