Algorithm,0_weight_0,0_weight_1,0_weight_2,0_weight_3,0_weight_4,0_weight_5,0_bias_0,0_bias_1,0_bias_2,2_0_weight_0,2_0_weight_1,2_0_weight_2,2_0_weight_3,2_0_weight_4,2_0_weight_5,2_0_weight_6,2_0_weight_7,2_0_weight_8,2_0_bias_0,2_0_bias_1,2_0_bias_2,3_0_weight_0,3_0_weight_1,3_0_weight_2,3_0_weight_3,3_0_weight_4,3_0_weight_5,3_0_weight_6,3_0_weight_7,3_0_weight_8,3_0_bias_0,3_0_bias_1,3_0_bias_2,4_0_weight_0,4_0_weight_1,4_0_weight_2,4_0_weight_3,4_0_weight_4,4_0_weight_5,4_0_weight_6,4_0_weight_7,4_0_weight_8,4_0_bias_0,4_0_bias_1,4_0_bias_2,5_0_weight_0,5_0_weight_1,5_0_weight_2,5_0_weight_3,5_0_weight_4,5_0_weight_5,5_0_weight_6,5_0_weight_7,5_0_weight_8,5_0_bias_0,5_0_bias_1,5_0_bias_2,6_0_weight_0,6_0_weight_1,6_0_weight_2,6_0_weight_3,6_0_weight_4,6_0_weight_5,6_0_weight_6,6_0_weight_7,6_0_weight_8,6_0_bias_0,6_0_bias_1,6_0_bias_2,7_0_weight_0,7_0_weight_1,7_0_weight_2,7_0_weight_3,7_0_weight_4,7_0_weight_5,7_0_weight_6,7_0_weight_7,7_0_weight_8,7_0_bias_0,7_0_bias_1,7_0_bias_2,8_0_weight_0,8_0_weight_1,8_0_weight_2,8_0_weight_3,8_0_weight_4,8_0_weight_5,8_0_weight_6,8_0_weight_7,8_0_weight_8,8_0_bias_0,8_0_bias_1,8_0_bias_2,9_0_weight_0,9_0_weight_1,9_0_weight_2,9_0_weight_3,9_0_weight_4,9_0_weight_5,9_0_weight_6,9_0_weight_7,9_0_weight_8,9_0_bias_0,9_0_bias_1,9_0_bias_2,10_0_weight_0,10_0_weight_1,10_0_weight_2,10_0_weight_3,10_0_weight_4,10_0_weight_5,10_0_weight_6,10_0_weight_7,10_0_weight_8,10_0_bias_0,10_0_bias_1,10_0_bias_2,11_0_weight_0,11_0_weight_1,11_0_weight_2,11_0_weight_3,11_0_weight_4,11_0_weight_5,11_0_weight_6,11_0_weight_7,11_0_weight_8,11_0_bias_0,11_0_bias_1,11_0_bias_2,12_weight_0,12_weight_1,12_weight_2,12_bias_0,Best Fitness
Particle Subswarm Optimisation,0.6752306840414954,-0.6841023084901835,-0.1533603100211265,0.5581808882967552,0.6108545783589052,0.5678913988612349,0.400264226471472,-0.4002800100858302,0.5253536355048056,-0.7910595768021607,0.23988494213173484,0.7231747638475079,-0.6607172033901141,0.6536769274747172,-0.37327386360122383,0.7605992543915556,-0.13270522218537106,-0.34348991935999873,0.031910136055956384,-0.10494276186498952,-0.5302679359465166,0.4033775054525981,0.5440889527618851,0.775658200086859,0.5918466575466015,-0.26652539892916727,-0.1282927070865577,0.3516316101857455,0.507698189517489,0.6300956047713462,0.7788894561165609,0.6799294299974681,0.4957040172536977,,,,,,,,,,,,,,,,,,,,,,,,,,,,,,,,,,,,,,,,,,,,,,,,,,,,,,,,,,,,,,,,,,,,,,,,,,,,,,,,,,,,,,,,,,,,,,,,,,,,,-8495.334112036404
