Algorithm,0_weight_0,0_weight_1,0_weight_2,0_weight_3,0_weight_4,0_weight_5,0_bias_0,0_bias_1,0_bias_2,2_0_weight_0,2_0_weight_1,2_0_weight_2,2_0_weight_3,2_0_weight_4,2_0_weight_5,2_0_weight_6,2_0_weight_7,2_0_weight_8,2_0_bias_0,2_0_bias_1,2_0_bias_2,3_0_weight_0,3_0_weight_1,3_0_weight_2,3_0_weight_3,3_0_weight_4,3_0_weight_5,3_0_weight_6,3_0_weight_7,3_0_weight_8,3_0_bias_0,3_0_bias_1,3_0_bias_2,4_0_weight_0,4_0_weight_1,4_0_weight_2,4_0_weight_3,4_0_weight_4,4_0_weight_5,4_0_weight_6,4_0_weight_7,4_0_weight_8,4_0_bias_0,4_0_bias_1,4_0_bias_2,5_0_weight_0,5_0_weight_1,5_0_weight_2,5_0_weight_3,5_0_weight_4,5_0_weight_5,5_0_weight_6,5_0_weight_7,5_0_weight_8,5_0_bias_0,5_0_bias_1,5_0_bias_2,6_0_weight_0,6_0_weight_1,6_0_weight_2,6_0_weight_3,6_0_weight_4,6_0_weight_5,6_0_weight_6,6_0_weight_7,6_0_weight_8,6_0_bias_0,6_0_bias_1,6_0_bias_2,7_0_weight_0,7_0_weight_1,7_0_weight_2,7_0_weight_3,7_0_weight_4,7_0_weight_5,7_0_weight_6,7_0_weight_7,7_0_weight_8,7_0_bias_0,7_0_bias_1,7_0_bias_2,8_0_weight_0,8_0_weight_1,8_0_weight_2,8_0_weight_3,8_0_weight_4,8_0_weight_5,8_0_weight_6,8_0_weight_7,8_0_weight_8,8_0_bias_0,8_0_bias_1,8_0_bias_2,9_0_weight_0,9_0_weight_1,9_0_weight_2,9_0_weight_3,9_0_weight_4,9_0_weight_5,9_0_weight_6,9_0_weight_7,9_0_weight_8,9_0_bias_0,9_0_bias_1,9_0_bias_2,10_0_weight_0,10_0_weight_1,10_0_weight_2,10_0_weight_3,10_0_weight_4,10_0_weight_5,10_0_weight_6,10_0_weight_7,10_0_weight_8,10_0_bias_0,10_0_bias_1,10_0_bias_2,11_0_weight_0,11_0_weight_1,11_0_weight_2,11_0_weight_3,11_0_weight_4,11_0_weight_5,11_0_weight_6,11_0_weight_7,11_0_weight_8,11_0_bias_0,11_0_bias_1,11_0_bias_2,12_weight_0,12_weight_1,12_weight_2,12_bias_0,Best Fitness
Particle Subswarm Optimisation,-0.01224516149985129,0.6814175187482205,-0.24027363384164457,0.7850376186852556,0.306937824511988,0.06572311135703002,0.16772692101519546,-0.21329605980758204,-0.8740302115495682,-0.8091405473780237,0.3246976092931259,0.08469559753592146,-0.4900223093236987,0.09275982344069975,-0.5566955732823489,-0.5375359264635983,1.0588595325460675,0.7034554756928394,-0.8500450356540727,-0.5755411972103859,-0.23005260349425594,0.35705724715660514,0.3862546084066039,-0.06764814565721977,-0.2749842832758318,0.29263354516120743,-0.7847790053731405,-1.1962488413850594,-0.9919627477896844,-0.515227199627784,-0.8302393507344534,0.0012667903823925242,1.2371872769962435,,,,,,,,,,,,,,,,,,,,,,,,,,,,,,,,,,,,,,,,,,,,,,,,,,,,,,,,,,,,,,,,,,,,,,,,,,,,,,,,,,,,,,,,,,,,,,,,,,,,,3871.10572880238
