Kp_theta_flip,Ki_theta_flip,Kd_theta_flip
-7.307604275126436,0.0,-3.5765844414877184
