time[s],x[m],y[m],vx[m/s],vy[m/s],theta[rad],theta_dot[rad/s],gamma[rad],alpha[rad],mass[kg],mass_propellant[kg]
295.97999999998945,31504.04726519524,29856.65356997291,-52.1795631347673,-1032.474596033831,1.5202038119008967,-0.00028133649715898773,4.661893591038746,-3.1416897791378493,1629148.56435759,1284867.1953072606
