episode,eval_reward,success_rate
10,9.181826664158372,0.0
20,8.891510704679991,0.0
30,8.77635313675572,0.0
40,8.910105270970197,0.0
50,8.793097432816108,0.0
60,8.601867365795751,0.0
