,u_std,u_std,v_std,v_std,u_acf1,u_acf1,v_acf1,v_acf1,u_spectral_width,u_spectral_width,v_spectral_width,v_spectral_width
,mean,std,mean,std,mean,std,mean,std,mean,std,mean,std
V,,,,,,,,,,,,
50.0,6.606775720555055,3.8243371490382656,1.2714052481765183,0.8612237674318395,0.9947641714992399,0.0034160189444364924,0.9875548330725218,0.007499687767622405,0.9115309030464219,0.2527074431195829,1.3663868145887808,0.36924609767827865
80.0,1.768565153491999,1.4319219034394448,0.8936769793391536,0.7290732201995184,0.9912267780905095,0.0038305683846186693,0.983878978197135,0.009907449063220197,1.182259444681509,0.24166645624425642,1.5502427016144935,0.40412397021501645
110.0,0.870010466573361,0.4641619094554496,0.30515005684878577,0.34124044021637895,0.9851986821704685,0.007440107118519172,0.9692408296266913,0.024013725426004565,1.5091359226473293,0.3294824468440512,2.0288276393369715,0.638279935319276
140.0,0.9198620666995272,0.6187654581610763,0.1739631614907213,0.16849268844940732,0.9869531584627695,0.006424351890147818,0.9674973122094095,0.018335273944698853,1.422587236707232,0.30840209402482716,2.1316298959550064,0.5518184128144233
170.0,0.48974900848889763,0.3869450435171233,0.15595539386026197,0.17259332146105077,0.9784321776350013,0.011494004180053209,0.9467245643651607,0.044462943954067954,1.7817094263024338,0.42785423606361805,2.54307747319057,0.880818313956135
200.0,0.4497360259006536,0.261100024670882,0.11255591522010142,0.10029204197760817,0.9801412261083394,0.00653938075590223,0.967821556766306,0.010509513982448284,1.7514099458148373,0.2638494629487845,2.178612331525817,0.30864972803708335
