Name,Mean,Std Dev,Min,Max,Skewness,Kurtosis
Base Case (U),-0.0024134263021752277,0.20361875286504047,-0.7249985864129449,0.6159571904426534,-0.015619906704615898,-0.05629945325886432
Base Case (V),-0.008197154789408412,0.4794671805094686,-1.2475059886091053,1.387657191939433,0.06063645219164224,-0.5305037888136148
High V (U),0.0002529459570070429,0.29769116455095407,-1.1715756944645601,0.8778354913276093,-0.29243929288740356,-0.021760925088056382
High V (V),-0.0006859479365327895,0.12266712958327602,-0.39569909818102805,0.42572771714724805,0.13238041187098162,-0.08900655912853139
Low V (U),0.05292229952559767,1.9025185606532709,-6.070911711322848,5.488699933346303,-0.3173783136564891,-0.11525229166053608
Low V (V),-0.2853744027849219,5.3496435550465025,-14.757169649602407,17.41139492995504,0.24829607994939593,0.3091993402659181
