time[s],x[m],y[m],vx[m/s],vy[m/s],theta[rad],theta_dot[rad/s],gamma[rad],alpha[rad],mass[kg],mass_propellant[kg]
0.1,0.0010344466803384885,1.5639358576356643,0.010344466803384885,0.6393585763566428,1.5708157138523073,0.0001938705741077896,1.5546182935461823,0.016197420306125032,6939072.592364357,4178687.1117322133
