time[s],x[m],y[m],vx[m/s],vy[m/s],theta[rad],theta_dot[rad/s],gamma[rad],alpha[rad],mass[kg],mass_propellant[kg]
0.1,0.0004116345904224629,0.023685031953563664,0.004116345904224629,0.23685031953563662,1.5708040414346054,7.714639708806749e-05,1.5534185519078456,0.01738548952675978,6939886.986947219,4179501.5063150753
