time[s],x[m],y[m],vx[m/s],vy[m/s],theta[rad],theta_dot[rad/s],gamma[rad],alpha[rad],mass[kg],mass_propellant[kg]
0.1,-0.001064754288744197,1.5740186636589173,-0.01064754288744197,0.740186636589172,1.5707784553774229,-0.00017871417473559815,1.585180278128756,-0.014401822751333171,5735721.188355395,4267880.756239626
