time[s],x[m],y[m],vx[m/s],vy[m/s],theta[rad],theta_dot[rad/s],gamma[rad],alpha[rad],mass[kg],mass_propellant[kg]
0.1,-0.0010333719568772785,1.5740191376421835,-0.010333719568772784,0.7401913764218357,1.5707789821156197,-0.00017344679276760458,1.58475629526832,-0.013977313152700344,5735721.183472582,4267880.751356813
