Kp_pitch_rate,Kd_pitch_rate,N_pitch_rate,Kp_pitch,Kd_pitch,N_pitch
2.6950717409499374,0.019248632020513304,5,0.36467376646243777,0.22331968356388263,5
