time[s],x[m],y[m],vx[m/s],vy[m/s],theta[rad],theta_dot[rad/s],gamma[rad],alpha[rad],mass[kg],mass_propellant[kg]
449.7000000000337,26080.494151290175,40290.39242552962,-18.24228096787369,-1641.6297043572315,1.5637732396589805,-0.03219000055601298,4.701277138229703,-3.137503898570723,973995.574397636,527160.9303839245
