time[s],x[m],y[m],vx[m/s],vy[m/s],theta[rad],theta_dot[rad/s],gamma[rad],alpha[rad],mass[kg],mass_propellant[kg]
75.2,4318.40280509084,22071.61357071388,190.51619742143882,613.3818181654635,1.264711247496892,-0.005816852069687789,1.2696436447554431,-0.004932397258551102,2307093.7391697825,1939080.8326478945
