{
    "mu": 398602000000000.0,
    "R_earth": 6378137,
    "w_earth": [
        0.0,
        0.0,
        7.292123516990375e-05
    ],
    "g0": 9.80665,
    "scale_height_endo": 8500,
    "rho0": 1.225,
    "M_earth": 5.972e+24,
    "G": 6.6743e-11,
    "payload_mass": 300,
    "mass_fairing": 100,
    "altitude_orbit": 700000,
    "semi_major_axis": 7078137,
    "accel_max_first_stage": 68.64654999999999,
    "accel_max_second_stage": 58.8399,
    "number_of_stages": 2,
    "structural_coefficients": [
        0.1,
        0.13
    ],
    "specific_impulses_vacuum": [
        300,
        320
    ],
    "maximum_accelerations": [
        68.64654999999999,
        58.8399
    ],
    "aerodynamic_area": 1,
    "nozzle_exit_area": 0.3,
    "nozzle_exit_pressure": 40000,
    "mach_number_array": [
        0.2,
        0.5,
        0.8,
        1.2,
        1.5,
        1.75,
        2.0,
        2.25,
        2.5,
        2.75,
        3.0,
        3.5,
        4.0,
        4.5,
        5.0,
        5.5,
        6.0,
        6.5
    ],
    "cd_array": [
        0.27,
        0.26,
        0.25,
        0.5,
        0.46,
        0.44,
        0.41,
        0.39,
        0.37,
        0.35,
        0.33,
        0.3,
        0.28,
        0.26,
        0.24,
        0.23,
        0.22,
        0.21
    ],
    "initial_conditions": {
        "initial_position_vector": [
            6351887.130535269,
            0.0,
            578067.013164929
        ],
        "initial_position_unit_vector": [
            0.9958843986159703,
            0.0,
            0.09063258019778017
        ],
        "east_vector": [
            0.0,
            0.9958843986159703,
            0.0
        ],
        "east_unit_vector": [
            0.0,
            1.0,
            0.0
        ],
        "initial_velocity_vector": [
            0.0,
            463.1874552184475,
            0.0
        ],
        "initial_velocity_unit_vector": [
            0.0,
            1.0,
            0.0
        ]
    },
    "target_altitude_vertical_rising": 100.0,
    "kick_angle": 0.1,
    "target_altitude_gravity_turn": 1160000.0,
    "coasting_time": 5.0,
    "exo_atmoshere_target_altitude_propelled": 100000.0,
    "minimum_delta_v_adjustments_exo": 200.0
}