{
    "initial_mass": 240362.0604169885,
    "sub_stage_masses": [
        240362.0604169885,
        7629.880356847345,
        300.0
    ],
    "stage_masses": [
        232732.18006014117,
        7329.880356847345
    ],
    "structural_masses": [
        23373.218006014118,
        852.8844463901548
    ],
    "propellant_masses": [
        209458.96205412704,
        6376.99591045719
    ],
    "delta_v_required": 11704.301158197753,
    "delta_v_required_stages": [
        6034.884694432583,
        5669.416463765151
    ],
    "payload_ratios": [
        0.03174328071414749,
        0.0393190962333726
    ],
    "mass_ratios": [
        7.777927559064736,
        6.08985160509476
    ],
    "stage_properties_dict": {
        "adjusted_structural_masses": [
            23373.218006014118,
            852.8844463901548
        ],
        "burn_out_masses": [
            30903.098362861463,
            1252.8844463901478
        ],
        "separation_masses": [
            7629.880356847338,
            299.9999999999927
        ],
        "thrusts": [
            2121391.0869210875,
            73719.59553715166
        ],
        "mass_flow_rates": [
            721.0722951334342,
            23.491583369815274
        ],
        "burn_times": [
            290.482609674203,
            271.45875227172206
        ]
    }
}