{
    "initial_mass": 26216.208366352817,
    "sub_stage_masses": [
        26216.20836635282,
        2565.4410113143745,
        300.0
    ],
    "stage_masses": [
        23650.767355038446,
        2265.4410113143745
    ],
    "structural_masses": [
        2465.0767355038447,
        194.50733147086868
    ],
    "propellant_masses": [
        21285.690619534602,
        1970.9336798435058
    ],
    "delta_v_required": 9504.301158197753,
    "delta_v_required_stages": [
        4915.879053349545,
        4588.422104848208
    ],
    "payload_ratios": [
        0.09785705756775219,
        0.11693895851703814
    ],
    "mass_ratios": [
        5.317130920636228,
        4.315238644689587
    ],
    "stage_properties_dict": {
        "adjusted_structural_masses": [
            2465.0767355038447,
            194.50733147086868
        ],
        "burn_out_masses": [
            4930.5177468182155,
            594.5073314708654
        ],
        "separation_masses": [
            2565.4410113143713,
            299.9999999999968
        ],
        "thrusts": [
            338463.0330328439,
            34980.75193301257
        ],
        "mass_flow_rates": [
            115.045414092425,
            11.147012465078728
        ],
        "burn_times": [
            185.01989659869568,
            176.81272771677894
        ]
    }
}