episode,eval_reward,success_rate
10,6.545920847276763,0.0
20,6.563420618190309,0.0
