Kp_pitch,Kd_pitch
3.9120716815961636,1.1393672588601425
