Kp_pitch,Kd_pitch
2.8320159358550985,0.9405222516412846
