Kp_pitch,Kd_pitch
2.392774560793251,0.6094980359099824
