Kp_pitch,Kd_pitch
2.3805980326118856,0.7543834159103256
