Kp_pitch,Kd_pitch
2.574261453891513,1.4357105180150136
