Kp_pitch,Kd_pitch
2.6285416531417174,2.8079004347577086
